,"USDA Wkly Cutout Val, Comp",,,,
Date,High - USD cwt,Low - USD cwt,Savg - USD cwt
12/28/2015 12:00:00 AM,197.9700,197.9700,197.9700
1/4/2016 12:00:00 AM,214.5100,214.5100,214.5100
1/11/2016 12:00:00 AM,222.1900,222.1900,222.1900
1/18/2016 12:00:00 AM,222.8400,222.8400,222.8400
1/25/2016 12:00:00 AM,216.8200,216.8200,216.8200
2/1/2016 12:00:00 AM,216.4800,216.4800,216.4800
2/8/2016 12:00:00 AM,215.1400,215.1400,215.1400
2/15/2016 12:00:00 AM,210.8400,210.8400,210.8400
2/22/2016 12:00:00 AM,212.4400,212.4400,212.4400
2/29/2016 12:00:00 AM,213.8900,213.8900,213.8900
3/7/2016 12:00:00 AM,216.2500,216.2500,216.2500
3/14/2016 12:00:00 AM,222.6000,222.6000,222.6000
3/21/2016 12:00:00 AM,223.0200,223.0200,223.0200
3/28/2016 12:00:00 AM,217.3400,217.3400,217.3400
4/4/2016 12:00:00 AM,213.8100,213.8100,213.8100
4/11/2016 12:00:00 AM,215.6500,215.6500,215.6500
4/18/2016 12:00:00 AM,216.1800,216.1800,216.1800
4/25/2016 12:00:00 AM,211.4000,211.4000,211.4000
5/2/2016 12:00:00 AM,203.7000,203.7000,203.7000
5/9/2016 12:00:00 AM,204.9400,204.9400,204.9400
5/16/2016 12:00:00 AM,213.1300,213.1300,213.1300
5/23/2016 12:00:00 AM,215.1000,215.1000,215.1000
5/30/2016 12:00:00 AM,213.0900,213.0900,213.0900
6/6/2016 12:00:00 AM,213.1500,213.1500,213.1500
6/13/2016 12:00:00 AM,213.2500,213.2500,213.2500
6/20/2016 12:00:00 AM,210.4600,210.4600,210.4600
6/27/2016 12:00:00 AM,205.8700,205.8700,205.8700
7/4/2016 12:00:00 AM,203.1200,203.1200,203.1200
7/11/2016 12:00:00 AM,203.6800,203.6800,203.6800
7/18/2016 12:00:00 AM,200.5600,200.5600,200.5600
7/25/2016 12:00:00 AM,199.1900,199.1900,199.1900
8/1/2016 12:00:00 AM,199.1100,199.1100,199.1100
8/8/2016 12:00:00 AM,200.0700,200.0700,200.0700
8/15/2016 12:00:00 AM,200.7100,200.7100,200.7100
8/22/2016 12:00:00 AM,202.5000,202.5000,202.5000
8/29/2016 12:00:00 AM,198.9100,198.9100,198.9100
9/5/2016 12:00:00 AM,191.6100,191.6100,191.6100
9/12/2016 12:00:00 AM,188.3500,188.3500,188.3500
9/19/2016 12:00:00 AM,187.8400,187.8400,187.8400
9/26/2016 12:00:00 AM,187.7800,187.7800,187.7800
10/3/2016 12:00:00 AM,185.0100,185.0100,185.0100
10/10/2016 12:00:00 AM,183.2100,183.2100,183.2100
10/17/2016 12:00:00 AM,179.7900,179.7900,179.7900
10/24/2016 12:00:00 AM,179.7200,179.7200,179.7200
10/31/2016 12:00:00 AM,182.6900,182.6900,182.6900
11/7/2016 12:00:00 AM,182.9400,182.9400,182.9400
11/14/2016 12:00:00 AM,178.9900,178.9900,178.9900
11/21/2016 12:00:00 AM,181.6800,181.6800,181.6800
11/28/2016 12:00:00 AM,183.1700,183.1700,183.1700
12/5/2016 12:00:00 AM,182.8400,182.8400,182.8400
12/12/2016 12:00:00 AM,185.3000,185.3000,185.3000
12/19/2016 12:00:00 AM,190.1500,190.1500,190.1500
12/26/2016 12:00:00 AM,196.4600,196.4600,196.4600
1/2/2017 12:00:00 AM,198.3300,198.3300,198.3300
1/9/2017 12:00:00 AM,193.1900,193.1900,193.1900
1/16/2017 12:00:00 AM,191.9900,191.9900,191.9900
1/23/2017 12:00:00 AM,191.6500,191.6500,191.6500
1/30/2017 12:00:00 AM,191.9100,191.9100,191.9100
2/6/2017 12:00:00 AM,190.3700,190.3700,190.3700
2/13/2017 12:00:00 AM,190.9600,190.9600,190.9600
2/20/2017 12:00:00 AM,193.5600,193.5600,193.5600
2/27/2017 12:00:00 AM,199.8900,199.8900,199.8900
3/6/2017 12:00:00 AM,207.8700,207.8700,207.8700
3/13/2017 12:00:00 AM,212.5900,212.5900,212.5900
3/20/2017 12:00:00 AM,216.6000,216.6000,216.6000
3/27/2017 12:00:00 AM,214.9000,214.9000,214.9000
4/3/2017 12:00:00 AM,206.9600,206.9600,206.9600
4/10/2017 12:00:00 AM,207.2100,207.2100,207.2100
4/17/2017 12:00:00 AM,210.9000,210.9000,210.9000
4/24/2017 12:00:00 AM,214.5600,214.5600,214.5600
5/1/2017 12:00:00 AM,220.9200,220.9200,220.9200
5/8/2017 12:00:00 AM,230.9200,230.9200,230.9200
5/15/2017 12:00:00 AM,234.7000,234.7000,234.7000
5/22/2017 12:00:00 AM,235.7600,235.7600,235.7600
5/29/2017 12:00:00 AM,234.4500,234.4500,234.4500
6/5/2017 12:00:00 AM,235.6800,235.6800,235.6800
6/12/2017 12:00:00 AM,238.0700,238.0700,238.0700
6/19/2017 12:00:00 AM,236.2300,236.2300,236.2300
6/26/2017 12:00:00 AM,227.0400,227.0400,227.0400
7/3/2017 12:00:00 AM,219.5800,219.5800,219.5800
7/10/2017 12:00:00 AM,211.8100,211.8100,211.8100
7/17/2017 12:00:00 AM,209.3200,209.3200,209.3200
7/24/2017 12:00:00 AM,207.8800,207.8800,207.8800
7/31/2017 12:00:00 AM,206.3900,206.3900,206.3900
8/7/2017 12:00:00 AM,203.6800,203.6800,203.6800
8/14/2017 12:00:00 AM,199.4200,199.4200,199.4200
8/21/2017 12:00:00 AM,195.6100,195.6100,195.6100
8/28/2017 12:00:00 AM,193.8500,193.8500,193.8500
9/4/2017 12:00:00 AM,193.6800,193.6800,193.6800
9/11/2017 12:00:00 AM,193.3100,193.3100,193.3100
9/18/2017 12:00:00 AM,193.8600,193.8600,193.8600
9/25/2017 12:00:00 AM,194.4400,194.4400,194.4400
10/2/2017 12:00:00 AM,194.4000,194.4000,194.4000
10/9/2017 12:00:00 AM,195.5200,195.5200,195.5200
10/16/2017 12:00:00 AM,196.0800,196.0800,196.0800
10/23/2017 12:00:00 AM,198.8000,198.8000,198.8000
10/30/2017 12:00:00 AM,201.7900,201.7900,201.7900
11/6/2017 12:00:00 AM,205.7700,205.7700,205.7700
11/13/2017 12:00:00 AM,204.2700,204.2700,204.2700
11/20/2017 12:00:00 AM,204.4500,204.4500,204.4500
11/27/2017 12:00:00 AM,203.5000,203.5000,203.5000
12/4/2017 12:00:00 AM,201.2500,201.2500,201.2500
12/11/2017 12:00:00 AM,199.1700,199.1700,199.1700
12/18/2017 12:00:00 AM,196.6300,196.6300,196.6300
12/25/2017 12:00:00 AM,198.4600,198.4600,198.4600
1/1/2018 12:00:00 AM,204.3000,204.3000,204.3000
1/8/2018 12:00:00 AM,207.2500,207.2500,207.2500
1/15/2018 12:00:00 AM,205.4600,205.4600,205.4600
1/22/2018 12:00:00 AM,206.6100,206.6100,206.6100
1/29/2018 12:00:00 AM,207.5100,207.5100,207.5100
2/5/2018 12:00:00 AM,209.2000,209.2000,209.2000
2/12/2018 12:00:00 AM,206.9300,206.9300,206.9300
2/19/2018 12:00:00 AM,212.8200,212.8200,212.8200
2/26/2018 12:00:00 AM,216.8000,216.8000,216.8000
3/5/2018 12:00:00 AM,220.6700,220.6700,220.6700
3/12/2018 12:00:00 AM,220.9500,220.9500,220.9500
3/19/2018 12:00:00 AM,222.5500,222.5500,222.5500
3/26/2018 12:00:00 AM,218.4900,218.4900,218.4900
4/2/2018 12:00:00 AM,214.5900,214.5900,214.5900
4/9/2018 12:00:00 AM,211.9700,211.9700,211.9700
4/16/2018 12:00:00 AM,210.8900,210.8900,210.8900
4/23/2018 12:00:00 AM,212.3800,212.3800,212.3800
4/30/2018 12:00:00 AM,217.7400,217.7400,217.7400
5/7/2018 12:00:00 AM,222.7200,222.7200,222.7200
5/14/2018 12:00:00 AM,221.7000,221.7000,221.7000
5/21/2018 12:00:00 AM,221.5200,221.5200,221.5200
5/28/2018 12:00:00 AM,218.8900,218.8900,218.8900
6/4/2018 12:00:00 AM,218.5400,218.5400,218.5400
6/11/2018 12:00:00 AM,216.5100,216.5100,216.5100
6/18/2018 12:00:00 AM,212.8900,212.8900,212.8900
6/25/2018 12:00:00 AM,209.2400,209.2400,209.2400
7/2/2018 12:00:00 AM,207.5300,207.5300,207.5300
7/9/2018 12:00:00 AM,203.8000,203.8000,203.8000
7/16/2018 12:00:00 AM,202.8400,202.8400,202.8400
7/23/2018 12:00:00 AM,203.7600,203.7600,203.7600
7/30/2018 12:00:00 AM,203.5600,203.5600,203.5600
8/6/2018 12:00:00 AM,203.7000,203.7000,203.7000
8/13/2018 12:00:00 AM,204.6000,204.6000,204.6000
8/20/2018 12:00:00 AM,207.7300,207.7300,207.7300
8/27/2018 12:00:00 AM,207.7800,207.7800,207.7800
9/3/2018 12:00:00 AM,206.4400,206.4400,206.4400
9/10/2018 12:00:00 AM,203.6900,203.6900,203.6900
9/17/2018 12:00:00 AM,202.1100,202.1100,202.1100
9/24/2018 12:00:00 AM,201.1300,201.1300,201.1300
10/1/2018 12:00:00 AM,201.3000,201.3000,201.3000
10/8/2018 12:00:00 AM,201.1900,201.1900,201.1900
10/15/2018 12:00:00 AM,202.7800,202.7800,202.7800
10/22/2018 12:00:00 AM,205.8900,205.8900,205.8900
10/29/2018 12:00:00 AM,210.9700,210.9700,210.9700
11/5/2018 12:00:00 AM,212.7000,212.7000,212.7000
11/12/2018 12:00:00 AM,210.9100,210.9100,210.9100
11/19/2018 12:00:00 AM,210.7900,210.7900,210.7900
11/26/2018 12:00:00 AM,209.4300,209.4300,209.4300
12/3/2018 12:00:00 AM,209.5700,209.5700,209.5700
12/10/2018 12:00:00 AM,208.1200,208.1200,208.1200
12/17/2018 12:00:00 AM,208.9100,208.9100,208.9100
12/24/2018 12:00:00 AM,212.2500,212.2500,212.2500
12/31/2018 12:00:00 AM,215.2900,215.2900,215.2900
1/7/2019 12:00:00 AM,212.8300,212.8300,212.8300
1/14/2019 12:00:00 AM,211.2900,211.2900,211.2900
1/21/2019 12:00:00 AM,213.4300,213.4300,213.4300
1/28/2019 12:00:00 AM,216.0300,216.0300,216.0300
2/4/2019 12:00:00 AM,216.5300,216.5300,216.5300
2/11/2019 12:00:00 AM,217.9400,217.9400,217.9400
2/18/2019 12:00:00 AM,216.8800,216.8800,216.8800
2/25/2019 12:00:00 AM,218.4400,218.4400,218.4400
3/4/2019 12:00:00 AM,222.2200,222.2200,222.2200
3/11/2019 12:00:00 AM,224.7800,224.7800,224.7800
3/18/2019 12:00:00 AM,226.1500,226.1500,226.1500
3/25/2019 12:00:00 AM,227.0400,227.0400,227.0400
4/1/2019 12:00:00 AM,225.0800,225.0800,225.0800
4/8/2019 12:00:00 AM,225.7200,225.7200,225.7200
4/15/2019 12:00:00 AM,228.8800,228.8800,228.8800
4/22/2019 12:00:00 AM,229.6600,229.6600,229.6600
4/29/2019 12:00:00 AM,227.0700,227.0700,227.0700
5/6/2019 12:00:00 AM,220.2400,220.2400,220.2400
5/13/2019 12:00:00 AM,217.6400,217.6400,217.6400
5/20/2019 12:00:00 AM,215.4100,215.4100,215.4100
5/27/2019 12:00:00 AM,218.7800,218.7800,218.7800
6/3/2019 12:00:00 AM,217.6800,217.6800,217.6800
6/10/2019 12:00:00 AM,218.1500,218.1500,218.1500
6/17/2019 12:00:00 AM,215.0000,215.0000,215.0000
6/24/2019 12:00:00 AM,214.0600,214.0600,214.0600
7/1/2019 12:00:00 AM,213.7400,213.7400,213.7400
7/8/2019 12:00:00 AM,211.1300,211.1300,211.1300
7/15/2019 12:00:00 AM,208.9900,208.9900,208.9900
7/22/2019 12:00:00 AM,210.1500,210.1500,210.1500
7/29/2019 12:00:00 AM,208.5000,208.5000,208.5000
8/5/2019 12:00:00 AM,211.5100,211.5100,211.5100
8/12/2019 12:00:00 AM,218.1200,218.1200,218.1200
8/19/2019 12:00:00 AM,226.7300,226.7300,226.7300
8/26/2019 12:00:00 AM,227.1700,227.1700,227.1700
9/2/2019 12:00:00 AM,224.2200,224.2200,224.2200
9/9/2019 12:00:00 AM,221.7200,221.7200,221.7200
9/16/2019 12:00:00 AM,215.5500,215.5500,215.5500
9/23/2019 12:00:00 AM,213.7000,213.7000,213.7000
9/30/2019 12:00:00 AM,209.3500,209.3500,209.3500
10/7/2019 12:00:00 AM,209.4900,209.4900,209.4900
10/14/2019 12:00:00 AM,212.8800,212.8800,212.8800
10/21/2019 12:00:00 AM,216.2900,216.2900,216.2900
10/28/2019 12:00:00 AM,222.7900,222.7900,222.7900
11/4/2019 12:00:00 AM,230.2800,230.2800,230.2800
11/11/2019 12:00:00 AM,234.2600,234.2600,234.2600
11/18/2019 12:00:00 AM,234.0600,234.0600,234.0600
11/25/2019 12:00:00 AM,230.3400,230.3400,230.3400
12/2/2019 12:00:00 AM,225.7100,225.7100,225.7100
12/9/2019 12:00:00 AM,218.3100,218.3100,218.3100
12/16/2019 12:00:00 AM,214.6400,214.6400,214.6400
12/23/2019 12:00:00 AM,212.9200,212.9200,212.9200
12/30/2019 12:00:00 AM,211.4500,211.4500,211.4500
1/6/2020 12:00:00 AM,211.1200,211.1200,211.1200
1/13/2020 12:00:00 AM,214.2800,214.2800,214.2800
1/20/2020 12:00:00 AM,215.9300,215.9300,215.9300
1/27/2020 12:00:00 AM,215.5500,215.5500,215.5500
2/3/2020 12:00:00 AM,215.7800,215.7800,215.7800
2/10/2020 12:00:00 AM,211.7300,211.7300,211.7300
2/17/2020 12:00:00 AM,210.8600,210.8600,210.8600
2/24/2020 12:00:00 AM,208.3200,208.3200,208.3200
3/2/2020 12:00:00 AM,208.1200,208.1200,208.1200
3/9/2020 12:00:00 AM,205.7100,205.7100,205.7100
3/16/2020 12:00:00 AM,229.7100,229.7100,229.7100
3/23/2020 12:00:00 AM,243.6500,243.6500,243.6500
3/30/2020 12:00:00 AM,235.5000,235.5000,235.5000
4/6/2020 12:00:00 AM,219.6800,219.6800,219.6800
4/13/2020 12:00:00 AM,223.6500,223.6500,223.6500
4/20/2020 12:00:00 AM,250.1900,250.1900,250.1900
4/27/2020 12:00:00 AM,304.2800,304.2800,304.2800
5/4/2020 12:00:00 AM,391.3300,391.3300,391.3300
5/11/2020 12:00:00 AM,421.8000,421.8000,421.8000
5/18/2020 12:00:00 AM,394.7300,394.7300,394.7300
5/25/2020 12:00:00 AM,368.8500,368.8500,368.8500
6/1/2020 12:00:00 AM,307.3900,307.3900,307.3900
6/8/2020 12:00:00 AM,248.6600,248.6600,248.6600
6/15/2020 12:00:00 AM,222.6900,222.6900,222.6900
6/22/2020 12:00:00 AM,210.3200,210.3200,210.3200
6/29/2020 12:00:00 AM,206.8200,206.8200,206.8200
7/6/2020 12:00:00 AM,204.2700,204.2700,204.2700
7/13/2020 12:00:00 AM,202.0100,202.0100,202.0100
7/20/2020 12:00:00 AM,199.5200,199.5200,199.5200
7/27/2020 12:00:00 AM,200.6100,200.6100,200.6100
8/3/2020 12:00:00 AM,202.6300,202.6300,202.6300
8/10/2020 12:00:00 AM,204.6700,204.6700,204.6700
8/17/2020 12:00:00 AM,211.8700,211.8700,211.8700
8/24/2020 12:00:00 AM,220.1000,220.1000,220.1000
8/31/2020 12:00:00 AM,223.4100,223.4100,223.4100
9/7/2020 12:00:00 AM,219.3700,219.3700,219.3700
9/14/2020 12:00:00 AM,214.2100,214.2100,214.2100
9/21/2020 12:00:00 AM,213.9500,213.9500,213.9500
9/28/2020 12:00:00 AM,216.6800,216.6800,216.6800
10/5/2020 12:00:00 AM,214.8200,214.8200,214.8200
10/12/2020 12:00:00 AM,210.9400,210.9400,210.9400
10/19/2020 12:00:00 AM,205.5600,205.5600,205.5600
10/26/2020 12:00:00 AM,204.7500,204.7500,204.7500
11/2/2020 12:00:00 AM,208.7400,208.7400,208.7400
11/9/2020 12:00:00 AM,215.6600,215.6600,215.6600
11/16/2020 12:00:00 AM,226.4800,226.4800,226.4800
11/23/2020 12:00:00 AM,234.4200,234.4200,234.4200
11/30/2020 12:00:00 AM,234.0600,234.0600,234.0600
12/7/2020 12:00:00 AM,220.3600,220.3600,220.3600
12/14/2020 12:00:00 AM,208.2000,208.2000,208.2000
12/21/2020 12:00:00 AM,206.1900,206.1900,206.1900
12/28/2020 12:00:00 AM,208.5100,208.5100,208.5100
1/4/2021 12:00:00 AM,206.7600,206.7600,206.7600
1/11/2021 12:00:00 AM,210.7100,210.7100,210.7100
1/18/2021 12:00:00 AM,216.3500,216.3500,216.3500
1/25/2021 12:00:00 AM,224.8600,224.8600,224.8600
2/1/2021 12:00:00 AM,230.4500,230.4500,230.4500
2/8/2021 12:00:00 AM,231.1900,231.1900,231.1900
2/15/2021 12:00:00 AM,232.0400,232.0400,232.0400
2/22/2021 12:00:00 AM,234.3200,234.3200,234.3200
3/1/2021 12:00:00 AM,234.0800,234.0800,234.0800
3/8/2021 12:00:00 AM,229.6400,229.6400,229.6400
3/15/2021 12:00:00 AM,228.7700,228.7700,228.7700
3/22/2021 12:00:00 AM,232.9600,232.9600,232.9600
3/29/2021 12:00:00 AM,241.8100,241.8100,241.8100
4/5/2021 12:00:00 AM,255.8500,255.8500,255.8500
4/12/2021 12:00:00 AM,265.8300,265.8300,265.8300
4/19/2021 12:00:00 AM,273.9500,273.9500,273.9500
4/26/2021 12:00:00 AM,281.9700,281.9700,281.9700
5/3/2021 12:00:00 AM,289.4500,289.4500,289.4500
5/10/2021 12:00:00 AM,300.6100,300.6100,300.6100
5/17/2021 12:00:00 AM,309.6300,309.6300,309.6300
5/24/2021 12:00:00 AM,314.3900,314.3900,314.3900
5/31/2021 12:00:00 AM,322.4700,322.4700,322.4700
6/7/2021 12:00:00 AM,323.9600,323.9600,323.9600
6/14/2021 12:00:00 AM,316.0300,316.0300,316.0300
6/21/2021 12:00:00 AM,305.7200,305.7200,305.7200
6/28/2021 12:00:00 AM,290.6300,290.6300,290.6300
7/5/2021 12:00:00 AM,278.3100,278.3100,278.3100
7/12/2021 12:00:00 AM,272.7700,272.7700,272.7700
7/19/2021 12:00:00 AM,267.2500,267.2500,267.2500
7/26/2021 12:00:00 AM,269.3100,269.3100,269.3100
8/2/2021 12:00:00 AM,281.9000,281.9000,281.9000
8/9/2021 12:00:00 AM,298.3000,298.3000,298.3000
8/16/2021 12:00:00 AM,314.7600,314.7600,314.7600
8/23/2021 12:00:00 AM,332.6200,332.6200,332.6200
8/30/2021 12:00:00 AM,330.9500,330.9500,330.9500
9/6/2021 12:00:00 AM,323.4800,323.4800,323.4800
9/13/2021 12:00:00 AM,314.6100,314.6100,314.6100
9/20/2021 12:00:00 AM,308.0300,308.0300,308.0300
9/27/2021 12:00:00 AM,298.8300,298.8300,298.8300
10/4/2021 12:00:00 AM,290.1400,290.1400,290.1400
10/11/2021 12:00:00 AM,285.6600,285.6600,285.6600
10/18/2021 12:00:00 AM,283.2000,283.2000,283.2000
10/25/2021 12:00:00 AM,283.4300,283.4300,283.4300
11/1/2021 12:00:00 AM,287.5200,287.5200,287.5200
11/8/2021 12:00:00 AM,289.4300,289.4300,289.4300
11/15/2021 12:00:00 AM,280.5800,280.5800,280.5800
11/22/2021 12:00:00 AM,279.4400,279.4400,279.4400
11/29/2021 12:00:00 AM,275.1400,275.1400,275.1400
12/6/2021 12:00:00 AM,271.3700,271.3700,271.3700
12/13/2021 12:00:00 AM,268.2800,268.2800,268.2800
12/20/2021 12:00:00 AM,264.3400,264.3400,264.3400
12/27/2021 12:00:00 AM,267.7900,267.7900,267.7900
1/3/2022 12:00:00 AM,270.1800,270.1800,270.1800
1/10/2022 12:00:00 AM,280.4000,280.4000,280.4000
1/17/2022 12:00:00 AM,288.3100,288.3100,288.3100
1/24/2022 12:00:00 AM,292.2700,292.2700,292.2700
1/31/2022 12:00:00 AM,284.9200,284.9200,284.9200
2/7/2022 12:00:00 AM,279.8100,279.8100,279.8100
2/14/2022 12:00:00 AM,276.1300,276.1300,276.1300
2/21/2022 12:00:00 AM,267.9400,267.9400,267.9400
2/28/2022 12:00:00 AM,262.6500,262.6500,262.6500
3/7/2022 12:00:00 AM,261.1600,261.1600,261.1600
3/14/2022 12:00:00 AM,261.4900,261.4900,261.4900
3/21/2022 12:00:00 AM,263.6600,263.6600,263.6600
3/28/2022 12:00:00 AM,266.0600,266.0600,266.0600
4/4/2022 12:00:00 AM,271.0400,271.0400,271.0400
4/11/2022 12:00:00 AM,272.8500,272.8500,272.8500
4/18/2022 12:00:00 AM,269.8500,269.8500,269.8500
4/25/2022 12:00:00 AM,266.1100,266.1100,266.1100
5/2/2022 12:00:00 AM,261.2500,261.2500,261.2500
5/9/2022 12:00:00 AM,257.2400,257.2400,257.2400
5/16/2022 12:00:00 AM,259.0600,259.0600,259.0600
5/23/2022 12:00:00 AM,260.3300,260.3300,260.3300
5/30/2022 12:00:00 AM,264.4100,264.4100,264.4100
6/6/2022 12:00:00 AM,264.1400,264.1400,264.1400
6/13/2022 12:00:00 AM,260.1800,260.1800,260.1800
6/20/2022 12:00:00 AM,262.3800,262.3800,262.3800
6/27/2022 12:00:00 AM,260.9700,260.9700,260.9700
7/4/2022 12:00:00 AM,261.3000,261.3000,261.3000
7/11/2022 12:00:00 AM,262.4600,262.4600,262.4600
7/18/2022 12:00:00 AM,266.0000,266.0000,266.0000
7/25/2022 12:00:00 AM,266.2300,266.2300,266.2300
8/1/2022 12:00:00 AM,264.9500,264.9500,264.9500
8/8/2022 12:00:00 AM,263.2800,263.2800,263.2800
8/15/2022 12:00:00 AM,263.0900,263.0900,263.0900
8/22/2022 12:00:00 AM,263.7800,263.7800,263.7800
8/29/2022 12:00:00 AM,259.9700,259.9700,259.9700
9/5/2022 12:00:00 AM,260.0600,260.0600,260.0600
9/12/2022 12:00:00 AM,256.8300,256.8300,256.8300
9/19/2022 12:00:00 AM,250.5100,250.5100,250.5100
9/26/2022 12:00:00 AM,248.1200,248.1200,248.1200
10/3/2022 12:00:00 AM,246.0200,246.0200,246.0200
10/10/2022 12:00:00 AM,244.5100,244.5100,244.5100
10/17/2022 12:00:00 AM,249.2400,249.2400,249.2400
10/24/2022 12:00:00 AM,255.2800,255.2800,255.2800
10/31/2022 12:00:00 AM,257.0100,257.0100,257.0100
11/7/2022 12:00:00 AM,260.4600,260.4600,260.4600
11/14/2022 12:00:00 AM,257.9500,257.9500,257.9500
11/21/2022 12:00:00 AM,255.7400,255.7400,255.7400
11/28/2022 12:00:00 AM,251.4200,251.4200,251.4200
12/5/2022 12:00:00 AM,246.8800,246.8800,246.8800
12/12/2022 12:00:00 AM,247.2900,247.2900,247.2900
12/19/2022 12:00:00 AM,259.4200,259.4200,259.4200
12/26/2022 12:00:00 AM,267.6800,267.6800,267.6800
1/2/2023 12:00:00 AM,276.7400,276.7400,276.7400
1/9/2023 12:00:00 AM,277.6500,277.6500,277.6500
1/16/2023 12:00:00 AM,274.8600,274.8600,274.8600
1/23/2023 12:00:00 AM,271.1900,271.1900,271.1900
1/30/2023 12:00:00 AM,267.4700,267.4700,267.4700
2/6/2023 12:00:00 AM,267.6500,267.6500,267.6500
2/13/2023 12:00:00 AM,272.7200,272.7200,272.7200
2/20/2023 12:00:00 AM,281.8600,281.8600,281.8600
2/27/2023 12:00:00 AM,288.9100,288.9100,288.9100
3/6/2023 12:00:00 AM,288.4100,288.4100,288.4100
3/13/2023 12:00:00 AM,284.9900,284.9900,284.9900
3/20/2023 12:00:00 AM,282.6700,282.6700,282.6700
3/27/2023 12:00:00 AM,283.7900,283.7900,283.7900
4/3/2023 12:00:00 AM,286.4200,286.4200,286.4200
4/10/2023 12:00:00 AM,294.3400,294.3400,294.3400
4/17/2023 12:00:00 AM,302.0500,302.0500,302.0500
4/24/2023 12:00:00 AM,305.8000,305.8000,305.8000
5/1/2023 12:00:00 AM,305.8500,305.8500,305.8500
5/8/2023 12:00:00 AM,304.2500,304.2500,304.2500
5/15/2023 12:00:00 AM,299.1300,299.1300,299.1300
5/22/2023 12:00:00 AM,298.1800,298.1800,298.1800
5/29/2023 12:00:00 AM,299.9000,299.9000,299.9000
6/5/2023 12:00:00 AM,311.6900,311.6900,311.6900
6/12/2023 12:00:00 AM,320.6600,320.6600,320.6600
6/19/2023 12:00:00 AM,325.2900,325.2900,325.2900
6/26/2023 12:00:00 AM,319.1500,319.1500,319.1500
7/3/2023 12:00:00 AM,316.6000,316.6000,316.6000
7/10/2023 12:00:00 AM,306.1900,306.1900,306.1900
7/17/2023 12:00:00 AM,300.3000,300.3000,300.3000
7/24/2023 12:00:00 AM,299.2600,299.2600,299.2600
7/31/2023 12:00:00 AM,301.1500,301.1500,301.1500
8/7/2023 12:00:00 AM,297.1700,297.1700,297.1700
8/14/2023 12:00:00 AM,301.7300,301.7300,301.7300
8/21/2023 12:00:00 AM,310.7900,310.7900,310.7900
8/28/2023 12:00:00 AM,312.3600,312.3600,312.3600
9/4/2023 12:00:00 AM,308.5900,308.5900,308.5900
9/11/2023 12:00:00 AM,306.1800,306.1800,306.1800
9/18/2023 12:00:00 AM,302.2400,302.2400,302.2400
9/25/2023 12:00:00 AM,297.6200,297.6200,297.6200
10/2/2023 12:00:00 AM,296.9300,296.9300,296.9300
10/9/2023 12:00:00 AM,296.7500,296.7500,296.7500
10/16/2023 12:00:00 AM,298.6200,298.6200,298.6200
10/23/2023 12:00:00 AM,301.0000,301.0000,301.0000
10/30/2023 12:00:00 AM,299.8400,299.8400,299.8400
11/6/2023 12:00:00 AM,296.7500,296.7500,296.7500
11/13/2023 12:00:00 AM,292.5300,292.5300,292.5300
11/20/2023 12:00:00 AM,291.1100,291.1100,291.1100
11/27/2023 12:00:00 AM,289.8600,289.8600,289.8600
12/4/2023 12:00:00 AM,286.2200,286.2200,286.2200
12/11/2023 12:00:00 AM,282.3600,282.3600,282.3600
12/18/2023 12:00:00 AM,282.4400,282.4400,282.4400
12/25/2023 12:00:00 AM,282.6100,282.6100,282.6100
1/1/2024 12:00:00 AM,280.1000,280.1000,280.1000
1/8/2024 12:00:00 AM,280.5100,280.5100,280.5100
1/15/2024 12:00:00 AM,288.2500,288.2500,288.2500
1/22/2024 12:00:00 AM,295.1000,295.1000,295.1000
1/29/2024 12:00:00 AM,296.3500,296.3500,296.3500
2/5/2024 12:00:00 AM,296.5900,296.5900,296.5900
2/12/2024 12:00:00 AM,294.3700,294.3700,294.3700
2/19/2024 12:00:00 AM,296.3600,296.3600,296.3600
2/26/2024 12:00:00 AM,300.6600,300.6600,300.6600
3/4/2024 12:00:00 AM,303.8500,303.8500,303.8500
3/11/2024 12:00:00 AM,308.7800,308.7800,308.7800
3/18/2024 12:00:00 AM,315.7200,315.7200,315.7200
3/25/2024 12:00:00 AM,313.3100,313.3100,313.3100
4/1/2024 12:00:00 AM,304.5000,304.5000,304.5000
4/8/2024 12:00:00 AM,303.2900,303.2900,303.2900
4/15/2024 12:00:00 AM,300.8800,300.8800,300.8800
4/22/2024 12:00:00 AM,299.1900,299.1900,299.1900
4/29/2024 12:00:00 AM,298.7100,298.7100,298.7100
5/6/2024 12:00:00 AM,297.4300,297.4300,297.4300
5/13/2024 12:00:00 AM,302.1300,302.1300,302.1300
5/20/2024 12:00:00 AM,308.1200,308.1200,308.1200
5/27/2024 12:00:00 AM,310.6900,310.6900,310.6900
6/3/2024 12:00:00 AM,312.0800,312.0800,312.0800
6/10/2024 12:00:00 AM,310.1900,310.1900,310.1900
6/17/2024 12:00:00 AM,316.3800,316.3800,316.3800
6/24/2024 12:00:00 AM,318.4400,318.4400,318.4400
7/1/2024 12:00:00 AM,324.4700,324.4700,324.4700
7/8/2024 12:00:00 AM,320.7900,320.7900,320.7900
7/15/2024 12:00:00 AM,317.3000,317.3000,317.3000
7/22/2024 12:00:00 AM,315.3700,315.3700,315.3700
7/29/2024 12:00:00 AM,314.4000,314.4000,314.4000
8/5/2024 12:00:00 AM,314.4400,314.4400,314.4400
8/12/2024 12:00:00 AM,315.3400,315.3400,315.3400
8/19/2024 12:00:00 AM,317.6300,317.6300,317.6300
8/26/2024 12:00:00 AM,313.5700,313.5700,313.5700
9/2/2024 12:00:00 AM,312.1200,312.1200,312.1200
9/9/2024 12:00:00 AM,308.1000,308.1000,308.1000
9/16/2024 12:00:00 AM,303.9600,303.9600,303.9600
9/23/2024 12:00:00 AM,301.1800,301.1800,301.1800
9/30/2024 12:00:00 AM,300.0900,300.0900,300.0900
10/7/2024 12:00:00 AM,304.1100,304.1100,304.1100
10/14/2024 12:00:00 AM,310.9800,310.9800,310.9800
10/21/2024 12:00:00 AM,315.4100,315.4100,315.4100
10/28/2024 12:00:00 AM,316.1400,316.1400,316.1400
11/4/2024 12:00:00 AM,311.4500,311.4500,311.4500
11/11/2024 12:00:00 AM,307.9600,307.9600,307.9600
11/18/2024 12:00:00 AM,302.5800,302.5800,302.5800
11/25/2024 12:00:00 AM,302.0000,302.0000,302.0000
12/2/2024 12:00:00 AM,308.7100,308.7100,308.7100
12/9/2024 12:00:00 AM,308.4000,308.4000,308.4000
12/16/2024 12:00:00 AM,310.4000,310.4000,310.4000
12/23/2024 12:00:00 AM,316.1900,316.1900,316.1900
12/30/2024 12:00:00 AM,319.2200,319.2200,319.2200
1/6/2025 12:00:00 AM,323.4500,323.4500,323.4500
1/13/2025 12:00:00 AM,330.3700,330.3700,330.3700
1/20/2025 12:00:00 AM,331.8500,331.8500,331.8500
1/27/2025 12:00:00 AM,330.5100,330.5100,330.5100
2/3/2025 12:00:00 AM,329.6800,329.6800,329.6800
2/10/2025 12:00:00 AM,324.4000,324.4000,324.4000
2/17/2025 12:00:00 AM,317.5600,317.5600,317.5600
2/24/2025 12:00:00 AM,317.1800,317.1800,317.1800
3/3/2025 12:00:00 AM,317.3400,317.3400,317.3400
3/10/2025 12:00:00 AM,321.6700,321.6700,321.6700
3/17/2025 12:00:00 AM,326.8800,326.8800,326.8800
3/24/2025 12:00:00 AM,330.7700,330.7700,330.7700
3/31/2025 12:00:00 AM,336.2800,336.2800,336.2800
4/7/2025 12:00:00 AM,336.5300,336.5300,336.5300
4/14/2025 12:00:00 AM,332.0800,332.0800,332.0800
4/21/2025 12:00:00 AM,332.9200,332.9200,332.9200
4/28/2025 12:00:00 AM,337.3700,337.3700,337.3700
5/5/2025 12:00:00 AM,342.4600,342.4600,342.4600
5/12/2025 12:00:00 AM,345.6400,345.6400,345.6400
5/19/2025 12:00:00 AM,353.1700,353.1700,353.1700
5/26/2025 12:00:00 AM,360.3200,360.3200,360.3200
6/2/2025 12:00:00 AM,360.8800,360.8800,360.8800
6/9/2025 12:00:00 AM,367.5100,367.5100,367.5100
6/16/2025 12:00:00 AM,375.9500,375.9500,375.9500
6/23/2025 12:00:00 AM,385.3400,385.3400,385.3400
6/30/2025 12:00:00 AM,388.6400,388.6400,388.6400
7/7/2025 12:00:00 AM,387.5400,387.5400,387.5400
7/14/2025 12:00:00 AM,376.8600,376.8600,376.8600
7/21/2025 12:00:00 AM,369.2000,369.2000,369.2000
7/28/2025 12:00:00 AM,364.5400,364.5400,364.5400
8/4/2025 12:00:00 AM,367.7200,367.7200,367.7200
8/11/2025 12:00:00 AM,379.5100,379.5100,379.5100
8/18/2025 12:00:00 AM,393.9800,393.9800,393.9800
8/25/2025 12:00:00 AM,404.3700,404.3700,404.3700
9/1/2025 12:00:00 AM,409.2000,409.2000,409.2000
9/8/2025 12:00:00 AM,404.3700,404.3700,404.3700
9/15/2025 12:00:00 AM,393.0600,393.0600,393.0600
9/22/2025 12:00:00 AM,382.6000,382.6000,382.6000
9/29/2025 12:00:00 AM,372.4800,372.4800,372.4800
10/6/2025 12:00:00 AM,367.2100,367.2100,367.2100
10/13/2025 12:00:00 AM,366.5200,366.5200,366.5200
10/20/2025 12:00:00 AM,370.8600,370.8600,370.8600
10/27/2025 12:00:00 AM,376.2600,376.2600,376.2600
11/3/2025 12:00:00 AM,377.8600,377.8600,377.8600
11/10/2025 12:00:00 AM,375.0300,375.0300,375.0300
11/17/2025 12:00:00 AM,371.9200,371.9200,371.9200
11/24/2025 12:00:00 AM,370.2700,370.2700,370.2700
12/1/2025 12:00:00 AM,366.4000,366.4000,366.4000
12/8/2025 12:00:00 AM,361.5200,361.5200,361.5200
12/15/2025 12:00:00 AM,357.8200,357.8200,357.8200
12/22/2025 12:00:00 AM,354.5200,354.5200,354.5200
12/29/2025 12:00:00 AM,350.1200,350.1200,350.1200
1/5/2026 12:00:00 AM,353.7000,353.7000,353.7000
1/12/2026 12:00:00 AM,360.9300,360.9300,360.9300
1/19/2026 12:00:00 AM,364.4500,364.4500,364.4500
1/26/2026 12:00:00 AM,366.5500,366.5500,366.5500
2/2/2026 12:00:00 AM,366.5000,366.5000,366.5000
2/9/2026 12:00:00 AM,366.8700,366.8700,366.8700
2/16/2026 12:00:00 AM,367.1200,367.1200,367.1200
2/23/2026 12:00:00 AM,373.8600,373.8600,373.8600
3/2/2026 12:00:00 AM,381.1700,381.1700,381.1700
3/9/2026 12:00:00 AM,390.6600,390.6600,390.6600
3/16/2026 12:00:00 AM,398.8000,398.8000,398.8000
3/23/2026 12:00:00 AM,397.4900,397.4900,397.4900
3/30/2026 12:00:00 AM,394.8600,394.8600,394.8600
4/6/2026 12:00:00 AM,390.1500,390.1500,390.1500
Reminder: This data is solely intended for use by the individual who holds the COMTELL license. Any misuse of Urner Barry’s data, as outlined in our End User License Agreement, is subject to compliance review and potentially suspension.
